{"ik_constraint": {"type": "IKObjective", "link": 0, "posConstraint": "fixed", "localPosition": [0.0, 0.0, 0.0], "endPosition": [2.3952732410151032e-05, 0.17962290274975992, -0.008734966196751646], "rotConstraint": "fixed", "endRotation": [1.2967277239216362, 1.1380687885599758, -1.2530214162820905]}, "finger_links": [1, 2, 3, 4, 5, 6, 7, 8], "finger_config": [0.0, 0.0, 0.0, 0.0, 0.0, 0.0, 0.0, 0.0], "score": 1}